{
    "name": "root",
    "gauges": {
        "Skeet.Policy.Entropy.mean": {
            "value": 1.669175624847412,
            "min": 1.3927689790725708,
            "max": 2.0706098079681396,
            "count": 343
        },
        "Skeet.Policy.Entropy.sum": {
            "value": 3365.05810546875,
            "min": 2807.822265625,
            "max": 4169.23583984375,
            "count": 343
        },
        "Skeet.Step.mean": {
            "value": 2505999.0,
            "min": 1821999.0,
            "max": 2505999.0,
            "count": 343
        },
        "Skeet.Step.sum": {
            "value": 2505999.0,
            "min": 1821999.0,
            "max": 2505999.0,
            "count": 343
        },
        "Skeet.Policy.ExtrinsicValueEstimate.mean": {
            "value": -0.8037109375,
            "min": -0.9567086696624756,
            "max": -0.4920520782470703,
            "count": 343
        },
        "Skeet.Policy.ExtrinsicValueEstimate.sum": {
            "value": -536.0751953125,
            "min": -638.1246948242188,
            "max": -328.19873046875,
            "count": 343
        },
        "Skeet.Losses.PolicyLoss.mean": {
            "value": 0.13285352280314164,
            "min": 0.10923933248631855,
            "max": 0.15560479428803112,
            "count": 343
        },
        "Skeet.Losses.PolicyLoss.sum": {
            "value": 0.9299746596219916,
            "min": 0.6964905547598997,
            "max": 1.0613128247636336,
            "count": 343
        },
        "Skeet.Losses.ValueLoss.mean": {
            "value": 0.11446305591041449,
            "min": 0.05904922141538312,
            "max": 0.16999732440820445,
            "count": 343
        },
        "Skeet.Losses.ValueLoss.sum": {
            "value": 0.8012413913729014,
            "min": 0.3542953284922987,
            "max": 1.189981270857431,
            "count": 343
        },
        "Skeet.Policy.LearningRate.mean": {
            "value": 0.0002999992485398505,
            "min": 0.0002999992485398505,
            "max": 0.00029999945368218206,
            "count": 343
        },
        "Skeet.Policy.LearningRate.sum": {
            "value": 0.0020999947397789534,
            "min": 0.0017999954946087016,
            "max": 0.0020999961718440757,
            "count": 343
        },
        "Skeet.Policy.Epsilon.mean": {
            "value": 0.19999974951320001,
            "min": 0.19999974951320001,
            "max": 0.19999981789399998,
            "count": 343
        },
        "Skeet.Policy.Epsilon.sum": {
            "value": 1.3999982465924001,
            "min": 1.1999984982024001,
            "max": 1.3999987239476002,
            "count": 343
        },
        "Skeet.Policy.Beta.mean": {
            "value": 0.00499998750070868,
            "min": 0.00499998750070868,
            "max": 0.0049999909129106,
            "count": 343
        },
        "Skeet.Policy.Beta.sum": {
            "value": 0.03499991250496076,
            "min": 0.029999925060299762,
            "max": 0.03499993632498524,
            "count": 343
        },
        "Skeet.IsTraining.mean": {
            "value": 1.0,
            "min": 1.0,
            "max": 1.0,
            "count": 343
        },
        "Skeet.IsTraining.sum": {
            "value": 1.0,
            "min": 1.0,
            "max": 1.0,
            "count": 343
        },
        "Skeet.Environment.EpisodeLength.mean": {
            "value": 1999.0,
            "min": 1999.0,
            "max": 1999.0,
            "count": 25
        },
        "Skeet.Environment.EpisodeLength.sum": {
            "value": 31984.0,
            "min": 5997.0,
            "max": 31984.0,
            "count": 25
        },
        "Skeet.Environment.CumulativeReward.mean": {
            "value": -170.25,
            "min": -186.75,
            "max": -146.75,
            "count": 21
        },
        "Skeet.Environment.CumulativeReward.sum": {
            "value": -2724.0,
            "min": -2988.0,
            "max": -2348.0,
            "count": 21
        },
        "Skeet.Policy.ExtrinsicReward.mean": {
            "value": -170.25,
            "min": -186.75,
            "max": -146.75,
            "count": 21
        },
        "Skeet.Policy.ExtrinsicReward.sum": {
            "value": -2724.0,
            "min": -2988.0,
            "max": -2348.0,
            "count": 21
        }
    },
    "metadata": {
        "timer_format_version": "0.1.0",
        "start_time_seconds": "1641475775",
        "python_version": "3.9.7 (default, Sep 16 2021, 16:59:28) [MSC v.1916 64 bit (AMD64)]",
        "command_line_arguments": "C:\\Users\\jonas\\anaconda3\\envs\\Unity_ML\\Scripts\\mlagents-learn Skeet.yaml --run-id test2 --resume",
        "mlagents_version": "0.27.0",
        "mlagents_envs_version": "0.27.0",
        "communication_protocol_version": "1.5.0",
        "pytorch_version": "1.10.0",
        "numpy_version": "1.21.2",
        "end_time_seconds": "1641479065"
    },
    "total": 3290.3647544,
    "count": 1,
    "self": 0.007567300000118848,
    "children": {
        "run_training.setup": {
            "total": 0.10153060000000025,
            "count": 1,
            "self": 0.10153060000000025
        },
        "TrainerController.start_learning": {
            "total": 3290.2556565,
            "count": 1,
            "self": 0.9584777000131908,
            "children": {
                "TrainerController._reset_env": {
                    "total": 9.7402636,
                    "count": 1,
                    "self": 9.7402636
                },
                "TrainerController.advance": {
                    "total": 3279.3319198999866,
                    "count": 42881,
                    "self": 0.5130491000027178,
                    "children": {
                        "env_step": {
                            "total": 3278.818870799984,
                            "count": 42881,
                            "self": 2985.8783892999827,
                            "children": {
                                "SubprocessEnvManager._take_step": {
                                    "total": 292.44934360000775,
                                    "count": 42881,
                                    "self": 2.474830899997187,
                                    "children": {
                                        "TorchPolicy.evaluate": {
                                            "total": 289.97451270001056,
                                            "count": 42881,
                                            "self": 109.37550170002706,
                                            "children": {
                                                "TorchPolicy.sample_actions": {
                                                    "total": 180.5990109999835,
                                                    "count": 42881,
                                                    "self": 180.5990109999835
                                                }
                                            }
                                        }
                                    }
                                },
                                "workers": {
                                    "total": 0.49113789999367086,
                                    "count": 42880,
                                    "self": 0.0,
                                    "children": {
                                        "worker_root": {
                                            "total": 3281.474919200055,
                                            "count": 42880,
                                            "is_parallel": true,
                                            "self": 780.0472700999912,