{
    "name": "root",
    "gauges": {
        "Skeet.Policy.Entropy.mean": {
            "value": 2.067462921142578,
            "min": 1.3428441286087036,
            "max": 2.079421281814575,
            "count": 1354
        },
        "Skeet.Policy.Entropy.sum": {
            "value": 4366.48193359375,
            "min": 2664.20263671875,
            "max": 4391.41455078125,
            "count": 1354
        },
        "Skeet.Step.mean": {
            "value": 2707998.0,
            "min": 1998.0,
            "max": 2707998.0,
            "count": 1354
        },
        "Skeet.Step.sum": {
            "value": 2707998.0,
            "min": 1998.0,
            "max": 2707998.0,
            "count": 1354
        },
        "Skeet.Policy.ExtrinsicValueEstimate.mean": {
            "value": 0.0009728922741487622,
            "min": -0.39397096633911133,
            "max": 0.37205660343170166,
            "count": 1354
        },
        "Skeet.Policy.ExtrinsicValueEstimate.sum": {
            "value": 0.6489191651344299,
            "min": -262.77862548828125,
            "max": 247.78970336914062,
            "count": 1354
        },
        "Skeet.Losses.PolicyLoss.mean": {
            "value": 0.13006581269726944,
            "min": 0.10002867337599615,
            "max": 0.1509921579799127,
            "count": 1354
        },
        "Skeet.Losses.PolicyLoss.sum": {
            "value": 0.9104606888808862,
            "min": 0.652693192543531,
            "max": 1.1190727182870939,
            "count": 1354
        },
        "Skeet.Losses.ValueLoss.mean": {
            "value": 4.392435170458199e-08,
            "min": 1.2044679614944224e-13,
            "max": 0.115394146250447,
            "count": 1354
        },
        "Skeet.Losses.ValueLoss.sum": {
            "value": 3.074704619320739e-07,
            "min": 8.431275730460958e-13,
            "max": 0.807759023753129,
            "count": 1354
        },
        "Skeet.Policy.LearningRate.mean": {
            "value": 0.00029999918788385643,
            "min": 0.00029999918788385643,
            "max": 0.00029999999969400007,
            "count": 1354
        },
        "Skeet.Policy.LearningRate.sum": {
            "value": 0.002099994315186995,
            "min": 0.0017999951742232083,
            "max": 0.0023999999064000313,
            "count": 1354
        },
        "Skeet.Policy.Epsilon.mean": {
            "value": 0.19999972929452858,
            "min": 0.19999972929452858,
            "max": 0.19999999989800002,
            "count": 1354
        },
        "Skeet.Policy.Epsilon.sum": {
            "value": 1.3999981050617,
            "min": 1.1999983914072003,
            "max": 1.5999999688000002,
            "count": 1354
        },
        "Skeet.Policy.Beta.mean": {
            "value": 0.004999986491796976,
            "min": 0.004999986491796976,
            "max": 0.0049999999949102,
            "count": 1354
        },
        "Skeet.Policy.Beta.sum": {
            "value": 0.03499990544257883,
            "min": 0.029999919731219283,
            "max": 0.03999999844312,
            "count": 1354
        },
        "Skeet.IsTraining.mean": {
            "value": 1.0,
            "min": 1.0,
            "max": 1.0,
            "count": 1354
        },
        "Skeet.IsTraining.sum": {
            "value": 1.0,
            "min": 1.0,
            "max": 1.0,
            "count": 1354
        },
        "Skeet.Environment.EpisodeLength.mean": {
            "value": 2023.0,
            "min": 1999.0,
            "max": 12604.0,
            "count": 146
        },
        "Skeet.Environment.EpisodeLength.sum": {
            "value": 2023.0,
            "min": 1999.0,
            "max": 86168.0,
            "count": 146
        },
        "Skeet.Environment.CumulativeReward.mean": {
            "value": 0.0,
            "min": -4.0,
            "max": 0.5,
            "count": 146
        },
        "Skeet.Environment.CumulativeReward.sum": {
            "value": 0.0,
            "min": -29.5,
            "max": 5.0,
            "count": 146
        },
        "Skeet.Policy.ExtrinsicReward.mean": {
            "value": 0.0,
            "min": -4.0,
            "max": 0.5,
            "count": 146
        },
        "Skeet.Policy.ExtrinsicReward.sum": {
            "value": 0.0,
            "min": -29.5,
            "max": 5.0,
            "count": 146
        }
    },
    "metadata": {
        "timer_format_version": "0.1.0",
        "start_time_seconds": "1641496690",
        "python_version": "3.9.7 (default, Sep 16 2021, 16:59:28) [MSC v.1916 64 bit (AMD64)]",
        "command_line_arguments": "C:\\Users\\jonas\\anaconda3\\envs\\Unity_ML\\Scripts\\mlagents-learn Skeet.yaml --run-id test4",
        "mlagents_version": "0.27.0",
        "mlagents_envs_version": "0.27.0",
        "communication_protocol_version": "1.5.0",
        "pytorch_version": "1.10.0",
        "numpy_version": "1.21.2",
        "end_time_seconds": "1641504625"
    },
    "total": 7935.540001099999,
    "count": 1,
    "self": 0.005423699998573284,
    "children": {
        "run_training.setup": {
            "total": 0.09409929999999989,
            "count": 1,
            "self": 0.09409929999999989
        },
        "TrainerController.start_learning": {
            "total": 7935.4404781,
            "count": 1,
            "self": 1.017053200137525,
            "children": {
                "TrainerController._reset_env": {
                    "total": 12.422579200000001,
                    "count": 1,
                    "self": 12.422579200000001
                },
                "TrainerController.advance": {
                    "total": 7921.852173599863,
                    "count": 42517,
                    "self": 0.5215198998948836,
                    "children": {
                        "env_step": {
                            "total": 7921.330653699968,
                            "count": 42517,
                            "self": 7619.828478499903,
                            "children": {
                                "SubprocessEnvManager._take_step": {
                                    "total": 301.0236580000247,
                                    "count": 42517,
                                    "self": 3.180334100044263,
                                    "children": {
                                        "TorchPolicy.evaluate": {
                                            "total": 297.8433238999804,
                                            "count": 42344,
                                            "self": 105.05773190005152,
                                            "children": {
                                                "TorchPolicy.sample_actions": {
                                                    "total": 192.7855919999289,
                                                    "count": 42344,
                                                    "self": 192.7855919999289
                                                }
                                            }
                                        }
                                    }
                                },
                                "workers": {
                                    "total": 0.47851720003965603,
                                    "count": 42516,
                                    "self": 0.0,
                                    "children": {
                                        "worker_root": {
                                            "total": 7922.531374999915,
                                            "count": 42516,
                                            "is_parallel": true,
                                            "self": 4113.033131299902,