{
    "name": "root",
    "gauges": {
        "Skeet.Policy.Entropy.mean": {
            "value": 0.0014236754504963756,
            "min": 0.0004721714649349451,
            "max": 0.0014236754504963756,
            "count": 7
        },
        "Skeet.Policy.Entropy.sum": {
            "value": 2.801793336868286,
            "min": 0.2833028733730316,
            "max": 2.801793336868286,
            "count": 7
        },
        "Skeet.Step.mean": {
            "value": 2585999.0,
            "min": 2573999.0,
            "max": 2585999.0,
            "count": 7
        },
        "Skeet.Step.sum": {
            "value": 2585999.0,
            "min": 2573999.0,
            "max": 2585999.0,
            "count": 7
        },
        "Skeet.Policy.ExtrinsicValueEstimate.mean": {
            "value": -0.9351386427879333,
            "min": -0.9351386427879333,
            "max": 0.05199265480041504,
            "count": 7
        },
        "Skeet.Policy.ExtrinsicValueEstimate.sum": {
            "value": -623.7374877929688,
            "min": -623.7374877929688,
            "max": 10.034582138061523,
            "count": 7
        },
        "Skeet.Losses.PolicyLoss.mean": {
            "value": 0.1423674720960359,
            "min": 0.12283912058254438,
            "max": 0.1423674720960359,
            "count": 7
        },
        "Skeet.Losses.PolicyLoss.sum": {
            "value": 0.9965723046722512,
            "min": 0.2727922995885213,
            "max": 1.049002707392598,
            "count": 7
        },
        "Skeet.Losses.ValueLoss.mean": {
            "value": 0.13141512975008005,
            "min": 0.0164480040881632,
            "max": 0.13439205962987172,
            "count": 7
        },
        "Skeet.Losses.ValueLoss.sum": {
            "value": 0.9199059082505603,
            "min": 0.0328960081763264,
            "max": 1.0377560017320016,
            "count": 7
        },
        "Skeet.Policy.LearningRate.mean": {
            "value": 0.00029999922448945845,
            "min": 0.00029999922448945845,
            "max": 0.0002999992278554574,
            "count": 7
        },
        "Skeet.Policy.LearningRate.sum": {
            "value": 0.0020999945714262093,
            "min": 0.0005999984557109148,
            "max": 0.0023999938152404615,
            "count": 7
        },
        "Skeet.Policy.Epsilon.mean": {
            "value": 0.1999997414964,
            "min": 0.1999997414964,
            "max": 0.1999997426184,
            "count": 7
        },
        "Skeet.Policy.Epsilon.sum": {
            "value": 1.3999981904748,
            "min": 0.3999994852368,
            "max": 1.5999979384128,
            "count": 7
        },
        "Skeet.Policy.Beta.mean": {
            "value": 0.00499998710067036,
            "min": 0.00499998710067036,
            "max": 0.00499998715665816,
            "count": 7
        },
        "Skeet.Policy.Beta.sum": {
            "value": 0.03499990970469252,
            "min": 0.00999997431331632,
            "max": 0.03999989712679872,
            "count": 7
        },
        "Skeet.IsTraining.mean": {
            "value": 1.0,
            "min": 1.0,
            "max": 1.0,
            "count": 7
        },
        "Skeet.IsTraining.sum": {
            "value": 1.0,
            "min": 1.0,
            "max": 1.0,
            "count": 7
        }
    },
    "metadata": {
        "timer_format_version": "0.1.0",
        "start_time_seconds": "1641390901",
        "python_version": "3.9.7 (default, Sep 16 2021, 16:59:28) [MSC v.1916 64 bit (AMD64)]",
        "command_line_arguments": "C:\\Users\\jonas\\anaconda3\\envs\\Unity_ML\\Scripts\\mlagents-learn Skeet.yaml --run-id test1 --resume",
        "mlagents_version": "0.27.0",
        "mlagents_envs_version": "0.27.0",
        "communication_protocol_version": "1.5.0",
        "pytorch_version": "1.10.0",
        "numpy_version": "1.21.2",
        "end_time_seconds": "1641391015"
    },
    "total": 113.4356469,
    "count": 1,
    "self": 0.007008899999988216,
    "children": {
        "run_training.setup": {
            "total": 0.10613120000000009,
            "count": 1,
            "self": 0.10613120000000009
        },
        "TrainerController.start_learning": {
            "total": 113.3225068,
            "count": 1,
            "self": 0.05520150000045021,
            "children": {
                "TrainerController._reset_env": {
                    "total": 9.9931728,
                    "count": 1,
                    "self": 9.9931728
                },
                "TrainerController.advance": {
                    "total": 103.01428689999955,
                    "count": 1761,
                    "self": 0.019867199999566765,
                    "children": {
                        "env_step": {
                            "total": 102.99441969999998,
                            "count": 1761,
                            "self": 90.7940999000001,
                            "children": {
                                "SubprocessEnvManager._take_step": {
                                    "total": 12.180445899999965,
                                    "count": 1761,
                                    "self": 0.09919449999994967,
                                    "children": {
                                        "TorchPolicy.evaluate": {
                                            "total": 12.081251400000015,
                                            "count": 1761,
                                            "self": 4.679127900000099,
                                            "children": {
                                                "TorchPolicy.sample_actions": {
                                                    "total": 7.402123499999917,
                                                    "count": 1761,
                                                    "self": 7.402123499999917
                                                }
                                            }
                                        }
                                    }
                                },
                                "workers": {
                                    "total": 0.019873899999916844,
                                    "count": 1760,
                                    "self": 0.0,
                                    "children": {
                                        "worker_root": {
                                            "total": 105.73912770000005,
                                            "count": 1760,
                                            "is_parallel": true,
                                            "self": 19.66461229999979,
                                            "children": {
                                                "steps_from_proto": {
                                                    "total": 0.0024210000000000065,
                                                    "count": 1,
                                                    "is_parallel": true,
                                                    "self": 0.0003201999999999927,
                                                    "children": {
                                                        "_process_rank_one_or_two_observation": {
                                                            "total": 0.0021008000000000138,
                                                            "count": 26,
                                                            "is_parallel": true,
                                                            "self": 0.0021008000000000138
                                                        }
                                                    }
                                                },
                                                "UnityEnvironment.step": {
                                                    "total": 86.07209440000027,